Variable: ,Days per year with dangerous heat risk (HI > 40 °C)
Variable id: ,HI-danger
Country: ,NER

year,cat_current warming level,cat_current median,cat_current 95th percentile,cat_current 5th percentile,h_cpol warming level,h_cpol median,h_cpol 95th percentile,h_cpol 5th percentile,h_cpol_high_impact warming level,h_cpol_high_impact median,h_cpol_high_impact 95th percentile,h_cpol_high_impact 5th percentile,d_delfrag warming level,d_delfrag median,d_delfrag 95th percentile,d_delfrag 5th percentile,o_1p5c warming level,o_1p5c median,o_1p5c 95th percentile,o_1p5c 5th percentile,d_strain warming level,d_strain median,d_strain 95th percentile,d_strain 5th percentile,h_ndc warming level,h_ndc median,h_ndc 95th percentile,h_ndc 5th percentile,o_2c warming level,o_2c median,o_2c 95th percentile,o_2c 5th percentile,o_lowdem warming level,o_lowdem median,o_lowdem 95th percentile,o_lowdem 5th percentile
2015.0,1.0782400669999999,27.30488070201156,32.28681521040329,23.230313966380727,1.1108798351261633,27.91312864354843,33.340800285024706,23.712508139659597,1.1564149252867568,28.981956825630462,34.627236949809244,24.47673043167726,1.1108798351261633,27.91312864354843,33.340800285024706,23.712508139659597,1.1108798351261633,27.91312864354843,33.340800285024706,23.712508139659597,1.1108798351261633,27.91312864354843,33.340800285024706,23.712508139659597,1.1108798351261633,27.91312864354843,33.340800285024706,23.712508139659597,1.1108798351261633,27.91312864354843,33.340800285024706,23.712508139659597,1.1108798351261633,27.91312864354843,33.340800285024706,23.712508139659597
2020.0,1.20718238675,30.214559489464555,37.495554676208286,24.91086952122716,1.2239593924896641,30.83082949348654,37.56727144554855,25.41035327978088,1.307045273657676,33.851723813324014,39.63855155522654,27.647843302136074,1.2239073056715168,30.827431745809942,37.56599835525299,25.407321813298868,1.2241936874009227,30.839677218912545,37.577290614073725,25.413528603929564,1.2239512500545542,30.830488577416453,37.56692082232816,25.41018407563746,1.2239921235282585,30.830334277700068,37.569140965932455,25.40868447341653,1.2240190485142917,30.83125124064558,37.570247536675545,25.409401527642903,1.2244329900435824,30.846369659178208,37.58627395024457,25.420873917323473
2025.0,1.3255262615,33.90277210092955,42.81295272148039,27.052848771240885,1.3729037680882086,35.308322344933444,43.6579676973977,28.18307915738807,1.5079112660720946,39.35898105234199,48.303320500954776,32.52837036607766,1.3713051859874552,35.27013420086867,43.60705366110432,28.15459730932505,1.3735308839003053,35.31964411393628,43.73498949872221,28.16239442535143,1.3728616362206825,35.307554816134406,43.656993351293046,28.182497479853442,1.3707443273601043,35.2525198970587,43.60030409909497,28.132482096297576,1.3709458392746003,35.261438920269875,43.60122602921703,28.135817061640108,1.3777739060180068,35.45347853884667,43.99196404757367,28.24459903001131
2030.0,1.446946515,37.405702162940784,49.53436765850985,28.919061493627648,1.491410809073765,38.841228869607946,49.29115150293969,30.659626703000555,1.6760707040889842,44.07777234409261,57.47360194924778,36.29235259081258,1.4912038351052617,38.83731661402919,49.2911189870907,30.657202965665693,1.4859542854266976,38.64417730243889,49.4941592955504,30.208465948832476,1.491374932505394,38.84031450779627,49.29119704923148,30.65898617608386,1.4868215346799714,38.66565720928632,49.21507312696389,30.405080151900794,1.4858216112694809,38.64567392840755,49.22904652671353,30.359628799534125,1.4910757934958818,38.761877110717336,49.68419687507227,30.258698551216536
2035.0,1.5740425704999998,41.06450607464074,57.54659115202351,31.5430425564784,1.6339692626430593,42.849442361103065,60.071601306014706,33.259779209774614,1.8774315205202783,50.273417716006534,70.56948167141077,42.49175955450151,1.6288185164348894,42.71025781327067,59.71131305073007,33.133849494984524,1.5717709682079983,41.04177853886837,55.972587821379165,31.573618373423646,1.628932933258512,42.730849173055645,59.667505602714876,33.17661013425494,1.6080796644067878,42.118367933789315,58.46454056829163,32.65341534518089,1.5950825895921996,41.75823542518309,57.48097392016831,32.372365969033304,1.5641219696727127,40.841463515304966,55.57839245788598,31.361601500071338
2040.0,1.704710268,45.01077997287361,68.46023443070186,33.506045424701426,1.763240380363683,47.141928817426816,69.32830826759123,35.58990462099627,2.0742879297008665,56.50174539551608,80.05203014239959,47.538506357760554,1.7272151899044879,45.89324529933814,67.8410526300381,34.32133590139581,1.5870666640807447,41.501972045121704,59.499681140399254,31.335251584335,1.744375553068159,46.45717665754064,68.45639559091845,34.9463121995843,1.7000507370664004,44.927509845378836,66.59205150863339,33.74367884317044,1.6565177177896104,43.579312661596454,64.46235192786304,32.92329343347057,1.5602304748252325,40.83149983703322,57.35358120712913,30.615706499064565
2045.0,1.8293921615,48.97482512106465,76.51295867015631,35.83916220773681,1.8799164129146617,50.29838579681654,76.42374335082704,38.06583575534885,2.2650313590751256,65.54056299959235,87.62957867781921,50.97838211724312,1.7559473183522423,46.926080395889805,70.80694518086464,34.34499381879517,1.5654948399369653,40.92217295903097,59.62921184594006,30.227898665252876,1.8285679256287237,49.05147999026761,73.7915148437659,36.41471215474199,1.7653409193168352,47.172888989822624,70.9466747744302,34.66708322062852,1.6797747627225585,44.22222185490763,66.88548199062942,32.822482123681745,1.5179604590201212,39.552283612746464,55.770505526319994,28.982386144421092
2050.0,1.9476133605000001,52.22537946456599,84.45133495094997,38.29428608834277,2.02271763089429,54.38354850298384,84.19708244521944,40.62002627276715,2.4721442581779725,74.04103670377934,97.74181197065947,59.50209239387971,1.770115449817488,47.272291434242334,72.65520874821084,33.95824391112177,1.5534304612895333,40.55844576902494,60.467163295700445,29.49188978284984,1.9169190471713513,51.0719363839639,79.63626996283818,37.93324545123183,1.840428321187735,49.344730900866736,76.13019884727049,35.821576889051265,1.7002582989418595,44.930084017302114,69.10270712637049,32.74464676157635,1.4751209709767754,38.269148733307745,54.859855463752346,27.878190598864506
2055.0,2.0656733225000004,57.55177478537769,93.06307613672698,40.68343531950156,2.1170070762829,59.476176288948594,89.8435103365641,42.481313192432054,2.628405768639188,80.39212096438209,105.11652061438672,63.84135866675563,1.7334865818706369,46.15193206080641,71.7837760373055,33.066687980670174,1.5039591253604023,39.19602024375931,57.983245527330325,28.269458794248894,1.9510102517175314,52.13569047080407,82.15259817961874,38.36122319319895,1.8781143742043394,50.3050689060407,79.07257456772084,36.44733058895618,1.6770651530457736,44.271210929083416,68.87145684793373,32.1553514606934,1.3956534228527877,35.86676942817513,51.77713887789497,26.412153517238487
2060.0,2.18475501905,62.95673114853926,101.18056646626788,42.619784780487635,2.22769384166853,64.61490657748124,97.13047268783497,44.65384391856922,2.796502407558479,87.21465053221975,112.98531395965502,68.72836111878053,1.7180802914178703,45.652608214635855,72.30184465888595,32.66298074787551,1.480702370704106,38.39873590189537,57.204206019566435,27.720664892323725,2.0019110000631146,53.810835695582725,85.40327959669267,39.31975842427698,1.9354560708684576,51.711179554627925,82.66331503177997,37.54306325408746,1.6764423809623474,44.27817306626653,69.75438152885297,31.937013318857982,1.34622008966004,34.34490338580491,50.20285385236082,25.378126925863242
2065.0,2.297914304775,67.88686307293344,108.5845589082732,44.3008352354136,2.3199095648460446,68.46930109595063,103.27006519479096,46.49717096802565,2.932711341722892,93.02103417078348,119.48430292015934,72.54900819520583,1.6868593060586399,44.52622016672572,71.57596534397808,31.84373607034293,1.4375193564344437,37.10977294440029,55.42123088032955,26.972462197518254,2.026164515815829,55.00445532318042,87.56842476785035,39.75023530320014,1.9661385372483955,52.84824288512584,85.13902772788276,38.06116253584383,1.6583639032489934,43.6494017826671,69.66863079946071,31.272885604937237,1.2820318604260428,32.39216556032408,48.66521926386639,24.280892080918804
2070.0,2.4062303722499996,71.9766332129564,115.97393336322513,46.08833211809411,2.4367911736219057,72.97910692543996,110.51680005614756,48.61462701759706,3.0918551823044775,99.09351942984586,126.6608265867785,81.50065567135009,1.6806698566510605,44.32892401079083,71.99336796360107,31.52442771170941,1.4265024093483292,36.69424759285518,55.26713813466244,26.696604670507014,2.0750714231211562,57.699375027359366,91.5414050389351,40.755437817957,2.0249545513941296,54.972699906298004,89.02409508712788,39.311151027617875,1.6658366803688336,43.820795678304684,70.57033540208663,31.20648920856851,1.2507561587561153,31.381484457997672,47.86623571265809,23.867688846953836
2075.0,2.50390297675,76.33758592858726,122.01492133176191,47.69849585459946,2.523061135460585,76.35370219619988,115.81576469909604,49.915889728922814,3.2177073547780726,104.19174306110655,130.50162597730647,86.49965386425099,1.6518888156920473,43.434947550470085,71.38910588418136,30.623638203496,1.3862878817325213,35.57778577725317,53.89247891474754,25.922017463163694,2.1019704836946884,58.90167632447066,93.72981784395178,41.00686365073731,2.0507352210396137,56.33219831271366,91.78245813585869,39.708382641110624,1.6421360885290848,43.242242063355064,70.64399186987514,30.540697009422427,1.1918330828354593,29.770793970403552,45.771239300133225,23.40787640214045
2080.0,2.5964866405,80.28070566991454,127.42095502114748,48.98059154195711,2.6192364006415767,80.42845678512464,121.15559166253173,51.31519773913153,3.3581856652956033,109.63259529139339,136.06399556416523,91.07961179848068,1.6379239415877513,43.039652162584844,71.40614690837025,30.149468157205817,1.366863921385914,35.018183101542625,53.32538703252905,25.602995393861235,2.1423326545292216,60.9848475583885,96.45307748846743,41.76742523536116,2.0928288693355244,58.555306387043004,94.72268899946673,40.51802888143003,1.6399610962161808,43.162775939161314,71.16080728873358,30.331071209186735,1.157501156615991,28.90174792216888,44.57507002629236,23.14976064582637
2085.0,2.6907259095000002,83.86764388086897,131.4080194315249,50.00018819708053,2.7026328600014233,83.61987245508983,124.5839362853893,52.957021260468736,3.4730097751866995,114.61575958994405,139.0183237750026,93.55463890661052,1.6240706744711169,42.53477413727181,71.15584226572938,29.5984169737204,1.3437810671035717,34.2943311932561,52.447430366890735,25.092918714469505,2.177540154054424,62.4858109396624,99.46338703963559,42.26573840884934,2.124695490520802,60.15334605774076,97.0498202051916,40.97813712526801,1.634595082069132,42.94570445006641,71.47691838309883,29.999769338883013,1.123414956727936,28.244294019088116,43.4858367412589,23.03158195441831
2090.0,2.7742351445,86.98877082252842,136.28324426878635,50.960276629993054,2.776749323866798,86.17218277716758,128.4213517190168,54.41350394683666,3.5731457572790553,118.35475933891249,140.17754521706155,96.07402001261701,1.6086687771706643,42.086401548930546,70.83455875369906,29.12642483295191,1.3188930933103602,33.51157210546657,51.46101844778322,24.667305842213352,2.2110118561011314,63.88975281535498,101.96884511482163,42.798838080350095,2.149236792873724,61.43911740409297,99.36498429880615,41.296193627577004,1.628088167448911,42.65740809933329,71.64907656734502,29.682309784075418,1.0925564339890004,27.755727369232467,42.60177794483697,22.93189291945653
2095.0,2.854825323375,90.31339899900573,139.0508700463896,52.083359926108784,2.8537900939330285,89.14541132144473,131.2244689467554,57.01326631918219,3.699786055772332,121.366161127271,141.89194554685153,99.36927270985628,1.6032522525831332,41.95624622345906,71.21015288969862,28.90919925919607,1.303233024810668,33.11221608273817,51.13074121041505,24.402106805851982,2.2549133042152585,65.79312859081907,105.46064165594457,43.47675626142662,2.1819980956060956,62.77930876893304,101.97227530877952,41.81889793318508,1.6318122580316679,42.797082053636586,72.37982129641014,29.589928213069836,1.0730641289956377,27.556735103991947,42.20622387740669,22.86339535932447
2100.0,2.9323328584999997,93.24667682212632,140.5132315129331,53.531950632496375,2.89838589110658,91.36476222004515,133.92134065484387,58.59164442264908,3.7962041424355863,123.7947655518042,143.2767772331361,101.24845816677912,1.5797801347218494,41.33696696536879,70.49962201867035,28.474784882929928,1.2692485599587093,32.155244834865,50.29523491009184,24.017822603839765,2.277997638042039,66.76687979844755,107.57635338485207,43.79256192912417,2.20134347033684,63.38442579273669,103.29040950174067,42.02560386049847,1.6179322879450042,42.42151575297078,72.16542333759041,29.237069693617578,1.0407302628693444,27.086161474423662,41.14647663913169,22.73958882816688
