Variable: ,Annual Maximum 5-day Precipitation
Variable id: ,rx5day
Country: ,NER

year,cat_current warming level,cat_current median,cat_current 95th percentile,cat_current 5th percentile,h_cpol warming level,h_cpol median,h_cpol 95th percentile,h_cpol 5th percentile,h_cpol_high_impact warming level,h_cpol_high_impact median,h_cpol_high_impact 95th percentile,h_cpol_high_impact 5th percentile,d_delfrag warming level,d_delfrag median,d_delfrag 95th percentile,d_delfrag 5th percentile,o_1p5c warming level,o_1p5c median,o_1p5c 95th percentile,o_1p5c 5th percentile,d_strain warming level,d_strain median,d_strain 95th percentile,d_strain 5th percentile,h_ndc warming level,h_ndc median,h_ndc 95th percentile,h_ndc 5th percentile,o_2c warming level,o_2c median,o_2c 95th percentile,o_2c 5th percentile,o_lowdem warming level,o_lowdem median,o_lowdem 95th percentile,o_lowdem 5th percentile
2015.0,1.0782400669999999,4.574314907839078,20.192086476710124,-8.189710402439037,1.1108798351261633,5.189610556299859,21.521460036695856,-8.408168459223658,1.1564149252867568,6.1891114793217135,23.960938839750636,-7.6667112357737075,1.1108798351261633,5.189610556299859,21.521460036695856,-8.408168459223658,1.1108798351261633,5.189610556299859,21.521460036695856,-8.408168459223658,1.1108798351261633,5.189610556299859,21.521460036695856,-8.408168459223658,1.1108798351261633,5.189610556299859,21.521460036695856,-8.408168459223658,1.1108798351261633,5.189610556299859,21.521460036695856,-8.408168459223658,1.1108798351261633,5.189610556299859,21.521460036695856,-8.408168459223658
2020.0,1.20718238675,7.624161458526307,27.94991607932497,-7.150104440501515,1.2239593924896641,8.110074202829743,29.021027572524712,-6.585074577094305,1.307045273657676,10.761417278233916,34.02525935825071,-5.327719747197871,1.2239073056715168,8.108367558071889,29.018381401902154,-6.5854377598197695,1.2241936874009227,8.121088153971835,29.032115319966667,-6.580060502708055,1.2239512500545542,8.109674087499888,29.020475128173814,-6.585257363781677,1.2239921235282585,8.111404131928875,29.021191458352213,-6.584074880633863,1.2240190485142917,8.112674681766805,29.022928235839483,-6.583673662372955,1.2244329900435824,8.128264920141504,29.040910889438866,-6.577722550382598
2025.0,1.3255262615,11.187833610427354,35.97595703364126,-4.942490754036673,1.3729037680882086,12.740908143602063,38.481390909161185,-3.7349363720286965,1.5079112660720946,15.702964161182924,44.96295719503739,1.9048906306816926,1.3713051859874552,12.705935625210964,38.41924721680004,-3.747267582546571,1.3735308839003053,12.728340395550621,38.53070265161216,-3.7487691960804583,1.3728616362206825,12.739948007861246,38.480306300928845,-3.7355542320887434,1.3707443273601043,12.688359598787521,38.40254232761195,-3.7834917992426367,1.3709458392746003,12.689773278737457,38.406517317983536,-3.7756546968916957,1.3777739060180068,12.838384235032073,38.820980425851616,-3.5812970305225393
2030.0,1.446946515,14.170488561380953,42.395243654711564,-1.8730494180702588,1.491410809073765,14.968208149741969,44.50705109485627,-0.10307517000337871,1.6760707040889842,17.74941658862367,54.82073075576446,2.0455848262885046,1.4912038351052617,14.962725335769491,44.48758428353856,-0.10358982154744645,1.4859542854266976,14.8389023957919,44.413484113666684,-0.38932629054774076,1.491374932505394,14.966862828506603,44.50509467330675,-0.10319507954595332,1.4868215346799714,14.865667586758057,44.181050288113134,-0.3904093595628828,1.4858216112694809,14.84922423863478,44.22371994727004,-0.4063387352288792,1.4910757934958818,14.895696603666563,44.71384308114932,-0.2889360618795478
2035.0,1.5740425704999998,16.183921463550902,50.01282634988777,0.6438209449033147,1.6339692626430593,16.970220063749895,51.913097645363074,1.1189769011564565,1.8774315205202783,20.25764335105698,61.20962538916196,-0.9226195809545196,1.6288185164348894,16.910635294965374,51.733496467547006,1.1147405575952414,1.5717709682079983,16.128585070412555,49.285959462543715,0.5441176933029837,1.628932933258512,16.93285664771785,51.75027819900117,1.1337022055565575,1.6080796644067878,16.636138343762344,50.966620564937536,0.9216482788080497,1.5950825895921996,16.476871011892477,50.20090647142085,0.9904764549264081,1.5641219696727127,16.06754529907137,48.98854282899933,0.43278899773840146
2040.0,1.704710268,18.153523848848934,55.26669851531847,0.04553982505198896,1.763240380363683,19.03890784039001,56.374531201685826,-0.14044734934116962,2.0742879297008665,24.925621013375025,65.57972830421467,-2.993858333816913,1.7272151899044879,18.39847281014145,55.288957413479146,0.18709466819235562,1.5870666640807447,16.332363085942752,50.12023101022721,0.24673868027035623,1.744375553068159,18.672286802910154,55.77164473212233,0.03052513265078434,1.7000507370664004,17.94532816835238,54.35979188197079,0.4406418934377804,1.6565177177896104,17.221393115382018,52.8449054379362,0.4202169593572936,1.5602304748252325,15.879751641935423,49.09403617270485,0.024331088498804044
2045.0,1.8293921615,20.086976090537217,60.16266678978278,-0.4440466695798008,1.8799164129146617,20.92106622501108,61.4099569467699,-0.6654144215269655,2.2650313590751256,30.197174631621643,79.1778302809941,-2.1155125805346877,1.7559473183522423,19.018412433123125,56.83239084016628,-0.059603489524686415,1.5654948399369653,15.863678268594866,49.49496039935673,-0.17724760724416178,1.8285679256287237,19.998350596382554,59.01339971468634,-0.5256417442908228,1.7653409193168352,19.105589848167014,57.01989158314854,0.11990962380928558,1.6797747627225585,17.637320675546377,53.81957648419656,0.1054299679090086,1.5179604590201212,15.020042739558757,47.17754846723455,-1.1517217780436844
2050.0,1.9476133605000001,22.346768438607192,66.37621071282625,-0.7557901358886354,2.02271763089429,23.693252931366857,67.40604778321725,-1.0257982819360134,2.4721442581779725,36.737425691962066,86.59381491923025,3.5278430621553034,1.770115449817488,19.288877998736147,57.39236314281249,-0.3716318594669599,1.5534304612895333,15.62349822323368,49.28558939562232,-0.5664845433349577,1.9169190471713513,21.540780095493602,63.444913637513444,-0.9839381922049344,1.840428321187735,20.26817928196882,60.00929238380223,-0.46304719240227526,1.7002582989418595,18.148889838328916,54.99681051920698,-0.102858897001,1.4751209709767754,14.275567809501599,45.20910478673324,-2.1711846301023012
2055.0,2.0656733225000004,25.358075690688587,73.27211014726828,-0.8078248032420167,2.1170070762829,25.86017339150603,73.61062705649617,-0.8776420342471202,2.628405768639188,41.29683882960828,89.97847222385737,5.139714310777126,1.7334865818706369,18.913671538342452,56.68357582843795,-0.3252526010809243,1.5039591253604023,14.773173871819395,47.08826755656483,-1.6773204464172902,1.9510102517175314,22.16596452971377,65.30990214336964,-1.0473737524787663,1.8781143742043394,20.9730268247518,62.22155452346315,-0.7669936727885451,1.6770651530457736,17.79349348639819,54.50687421998249,-0.202756295483713,1.3956534228527877,12.553232552696612,42.07609578309485,-4.22806445937448
2060.0,2.18475501905,27.77836915333947,80.53423232173535,-0.8371373662171785,2.22769384166853,28.477879756357986,80.89733782960984,-1.0144186800763724,2.796502407558479,44.38447894517557,97.38213444885135,5.638643631112992,1.7180802914178703,18.71132448786934,56.25919822646861,-0.3178800667449624,1.480702370704106,14.288819643545306,45.817590695959105,-2.4428400458785124,2.0019110000631146,23.187968793378396,68.42911615604017,-1.0285977022656654,1.9354560708684576,22.024929035928373,65.32914724093206,-0.901360843021893,1.6764423809623474,17.857492461690235,54.82707563340316,-0.3610459517381405,1.34622008966004,11.16443812733263,40.249475545151846,-4.9007035952790154
2065.0,2.297914304775,30.082895919041093,85.9943683713674,0.23083868926329137,2.3199095648460446,30.589593123126797,85.28981361456734,-0.03535518378971638,2.932711341722892,46.0770809011255,103.18425825389127,6.155722559931154,1.6868593060586399,18.02643752281481,55.385521886685694,-0.5409427582996499,1.4375193564344437,13.378050842793552,44.171130762415416,-3.4009952508495696,2.026164515815829,24.01029190294328,70.35115877880274,-0.869220390923439,1.9661385372483955,22.450528992457663,67.08272803988953,-1.0917179159111416,1.6583639032489934,17.45242339404937,54.44480501072032,-0.6068285176176641,1.2820318604260428,9.496175017684005,37.543977625150816,-5.679883778609677
2070.0,2.4062303722499996,32.73618258813242,88.7723546760665,1.5620855048315478,2.4367911736219057,33.31268987537473,87.93786370360293,1.8933317840894202,3.0918551823044775,50.96973102109044,111.13269200641615,6.3210805125219185,1.6806698566510605,18.018828440093646,55.39506419393411,-0.5700556684557158,1.4265024093483292,13.097020305283271,43.95164317683866,-3.8071718593548467,2.0750714231211562,25.45124597701449,73.7106151219109,-0.6149094869757343,2.0249545513941296,24.07942285358981,70.71162144007799,-0.6784126308334967,1.6658366803688336,17.57418657302365,54.706106341521675,-0.701750008141779,1.2507561587561153,8.65142512543861,35.89390853363892,-6.003387032061049
2075.0,2.50390297675,35.02438742146694,92.82908136866175,2.459797984518224,2.523061135460585,35.244168273709555,90.00613511338534,2.677639069481557,3.2177073547780726,52.49110942755286,118.02203963732978,6.1421975872899095,1.6518888156920473,17.329763373104154,54.413474819589275,-0.8803076444114472,1.3862878817325213,12.297974460147437,42.34330738398933,-4.662449461998348,2.1019704836946884,25.710923895369397,75.81089611726478,-0.4071917243299406,2.0507352210396137,24.83295103111002,72.7257161616925,-0.6499373056788992,1.6421360885290848,17.173825095545833,54.2226893306358,-0.8763631173500787,1.1918330828354593,7.615828313138396,32.93963717226201,-6.410562132315932
2080.0,2.5964866405,37.114140487186404,98.40515835528335,3.1799298949209844,2.6192364006415767,37.869377425850416,94.2092760024342,3.405262966072369,3.3581856652956033,56.893509009399224,123.6382962048999,5.282755333679529,1.6379239415877513,17.127973540920237,54.339952655624096,-0.8502956484535408,1.366863921385914,11.733790832063402,41.74685012425245,-4.912886213451341,2.1423326545292216,26.417135379830647,77.14788614947156,-0.35520246063795613,2.0928288693355244,25.65166670496813,75.99081514591182,-0.35051700404472175,1.6399610962161808,17.16387961716096,54.35577399792812,-0.8464661495032082,1.157501156615991,7.022385681739543,31.036661860235778,-6.589008627485505
2085.0,2.6907259095000002,39.393801798400865,102.99240877980792,4.002706663485919,2.7026328600014233,39.83840143647073,98.48789634323823,3.7657414501789552,3.4730097751866995,58.727335233430196,128.34896305378686,4.899830419469075,1.6240706744711169,16.823968320506566,53.74161043703665,-1.0225433903013859,1.3437810671035717,11.09462505336188,40.79986408038721,-4.986428468219702,2.177540154054424,27.292435561379513,79.05184435599166,-0.39660310750699646,2.124695490520802,26.004181965708135,77.015588128874,-0.15227305969340593,1.634595082069132,17.019811263542113,54.19023094815164,-0.8764602390422653,1.123414956727936,6.462304861154682,29.486880986793327,-6.552896332875494
2090.0,2.7742351445,41.03911585832758,109.75439230055635,4.134189925778642,2.776749323866798,41.20353635202774,101.77706995780864,4.170007629280994,3.5731457572790553,60.67797691074264,138.4088548453465,5.697364806672143,1.6086687771706643,16.513502335405562,53.28740742113732,-1.2855762933014598,1.3188930933103602,10.43782791282391,39.9018404015906,-5.212505184561626,2.2110118561011314,28.138601935445166,81.61972371712642,-0.38104083414520995,2.149236792873724,26.555975609350117,78.1014745123687,-0.02337520375611723,1.628088167448911,16.8956834038064,53.91676461646057,-0.9320186878827136,1.0925564339890004,6.004806688815739,27.913039392672676,-6.530984323011026
2095.0,2.854825323375,42.822868087301615,113.74068020567594,4.224789310622432,2.8537900939330285,42.77091303789629,105.3259973992963,4.497963096779698,3.699786055772332,62.45607590348891,146.27358952650627,6.7814317878530135,1.6032522525831332,16.448862615858662,53.16660359364689,-1.4815312562664862,1.303233024810668,10.046176791527149,39.40122450670419,-5.417602131733331,2.2549133042152585,29.13079718916959,84.06594535778866,-0.12230004370794632,2.1819980956060956,27.485100954846217,80.29103553977386,-0.25653516396075093,1.6318122580316679,16.95356341036692,54.26379685723456,-0.8521620197819046,1.0730641289956377,5.751232158017668,26.557282180029222,-6.584686684768017
2100.0,2.9323328584999997,44.486610855362656,116.27365945412693,4.345590333086762,2.89838589110658,43.390425014831195,109.59520898618838,4.537897417681733,3.7962041424355863,63.5565627616798,154.34787893884572,6.172411486864986,1.5797801347218494,16.034737138784536,52.623874328753296,-1.603761425676207,1.2692485599587093,9.336865836169448,38.15752779138726,-5.776678535211382,2.277997638042039,29.507589406321404,85.35098413311039,0.13631921913741804,2.20134347033684,27.907256253738446,81.27916381858827,-0.2627079093686427,1.6179322879450042,16.69358302618114,53.759706316804824,-1.1436443515736732,1.0407302628693444,5.405616834986096,24.93631192532821,-6.781752748343382
