Variable: ,Area under severe drought (SPEI < -1.5)
Variable id: ,severe_drought
Country: ,NER

year,cat_current warming level,cat_current median,cat_current 95th percentile,cat_current 5th percentile,h_cpol warming level,h_cpol median,h_cpol 95th percentile,h_cpol 5th percentile,h_cpol_high_impact warming level,h_cpol_high_impact median,h_cpol_high_impact 95th percentile,h_cpol_high_impact 5th percentile,d_delfrag warming level,d_delfrag median,d_delfrag 95th percentile,d_delfrag 5th percentile,o_1p5c warming level,o_1p5c median,o_1p5c 95th percentile,o_1p5c 5th percentile,d_strain warming level,d_strain median,d_strain 95th percentile,d_strain 5th percentile,h_ndc warming level,h_ndc median,h_ndc 95th percentile,h_ndc 5th percentile,o_2c warming level,o_2c median,o_2c 95th percentile,o_2c 5th percentile,o_lowdem warming level,o_lowdem median,o_lowdem 95th percentile,o_lowdem 5th percentile
2015.0,1.0782400669999999,74.67759051263374,90.46587565887997,64.04995910144962,1.1108798351261633,76.68055408855591,92.30433236770342,66.34335350992282,1.1564149252867568,79.71543689611984,94.6854075644083,70.25811830604826,1.1108798351261633,76.68055408855591,92.30433236770342,66.34335350992282,1.1108798351261633,76.68055408855591,92.30433236770342,66.34335350992282,1.1108798351261633,76.68055408855591,92.30433236770342,66.34335350992282,1.1108798351261633,76.68055408855591,92.30433236770342,66.34335350992282,1.1108798351261633,76.68055408855591,92.30433236770342,66.34335350992282,1.1108798351261633,76.68055408855591,92.30433236770342,66.34335350992282
2020.0,1.20718238675,82.87782540722323,96.6726807362019,71.07061621460355,1.2239593924896641,83.91806946930892,96.78563280490754,71.86751343422473,1.307045273657676,88.95751035725638,98.71853921797974,76.46028807246222,1.2239073056715168,83.91432614169211,96.78243913439475,71.86712320911118,1.2241936874009227,83.93364453171674,96.79752083529212,71.87814917459526,1.2239512500545542,83.91748925229348,96.78516454816321,71.86706922444455,1.2239921235282585,83.91823662277883,96.78649276806517,71.87132009217369,1.2240190485142917,83.91986209630257,96.78738900896083,71.87224104971027,1.2244329900435824,83.94628609680922,96.80215796232682,71.8767495236865
2025.0,1.3255262615,89.54759440343214,99.28521348859984,75.27821191636814,1.3729037680882086,92.3697745651812,99.42388706548387,78.47828059784231,1.5079112660720946,96.6738347384472,99.6899177657787,84.46530783549888,1.3713051859874552,92.3015521245093,99.42100889205187,78.39194022967897,1.3735308839003053,92.38023736640092,99.42506285833313,78.368719815783,1.3728616362206825,92.36783348297352,99.42384868347904,78.47650802799501,1.3707443273601043,92.25057834469891,99.41901064471064,78.30253185925261,1.3709458392746003,92.260281115212,99.41973280879368,78.30667107578897,1.3777739060180068,92.62225445115962,99.43397106230174,78.63219519901689
2030.0,1.446946515,95.28643049544195,99.66751974022546,80.5006319030422,1.491410809073765,96.2577718663005,99.7011446607663,83.29408742893109,1.6760707040889842,98.34171183914711,99.86652003781036,88.00245014317929,1.4912038351052617,96.25548344625643,99.70094891939843,83.28570896830438,1.4859542854266976,96.13282752792473,99.7014654467519,82.79320860287957,1.491374932505394,96.25754279408109,99.70112986306864,83.29299066185352,1.4868215346799714,96.14684283333666,99.6998498418324,83.00206051595896,1.4858216112694809,96.13229187392174,99.6998125514001,82.93217208718976,1.4910757934958818,96.21094637323145,99.70713298227861,82.87002307171687
2035.0,1.5740425704999998,97.37125364252282,99.86614450605441,84.39618109863193,1.6339692626430593,97.99256469482143,99.8663307792607,84.9826856894902,1.8774315205202783,99.39162729430167,99.97629173074817,95.16682717122997,1.6288185164348894,97.94617892278254,99.8663307792607,84.87046186099063,1.5717709682079983,97.35234327687672,99.84706072891156,84.41321631812174,1.628932933258512,97.95318535665947,99.86633077926068,84.86704460274056,1.6080796644067878,97.74876485617432,99.86282105294568,84.47489672957694,1.5950825895921996,97.62097327294384,99.85663282554192,84.44754164698229,1.5641219696727127,97.27959862803425,99.84382662754284,84.17530894053537
2040.0,1.704710268,98.52919281861315,99.9590809090391,85.93934067219816,1.763240380363683,98.91362283232807,99.97191578424427,88.98164782655566,2.0742879297008665,99.80449506737732,99.99793457635606,97.14494631659709,1.7272151899044879,98.7041616376974,99.95616413799887,87.17950669308425,1.5870666640807447,97.54627319323521,99.8663358081799,84.24770955285588,1.744375553068159,98.79631207531186,99.9607620400982,87.9419928488527,1.7000507370664004,98.51832421597688,99.93390939570664,86.19560867718249,1.6565177177896104,98.1904512935204,99.90603428104347,84.82577058454969,1.5602304748252325,97.27475797307294,99.86282420353685,83.35537962456617
2045.0,1.8293921615,99.21923908113202,99.99600816738095,90.29574388744182,1.8799164129146617,99.38078726632183,99.99558663075793,93.19652392521064,2.2650313590751256,99.9180049284563,100.00000000000011,97.26958056476857,1.7559473183522423,98.85103814553625,99.9873052065115,87.6046756504683,1.5654948399369653,97.30364976359084,99.86772049030982,82.8615293284059,1.8285679256287237,99.22207988196539,99.99349898030269,90.99751507284968,1.7653409193168352,98.90235558222498,99.98800870846777,88.158189610766,1.6797747627225585,98.35953200506113,99.94267693311136,84.77726295641406,1.5179604590201212,96.67061300304809,99.84953304533252,80.81805323021177
2050.0,1.9476133605000001,99.51760114331643,99.99996576368693,93.90379673756927,2.02271763089429,99.6723776742057,99.99998703724675,95.56220243793108,2.4721442581779725,99.98981786720965,100.00000000000011,97.26958056476856,1.770115449817488,98.88673387920628,99.99279555116323,87.24330902607117,1.5534304612895333,97.16761460328502,99.87244875887833,81.64222923251238,1.9169190471713513,99.42150443084488,99.9976986501643,93.38101959380437,1.840428321187735,99.24700829118206,99.9956196330851,90.45595910548425,1.7002582989418595,98.50128123226125,99.97016145546944,84.86163780679782,1.4751209709767754,95.86638686808946,99.82975420941938,77.82668455730256
2055.0,2.0656733225000004,99.7756724774562,100.00000000000011,95.7338370207569,2.1170070762829,99.81898503001182,100.00000000000011,96.22663219514246,2.628405768639188,99.99904920199461,100.00000000000011,97.26958056476856,1.7334865818706369,98.67934953641583,99.99135518339556,85.53257840975583,1.5039591253604023,96.4649860125308,99.86253084287539,79.05347416241642,1.9510102517175314,99.50919354270977,99.99969930453445,93.88103589448725,1.8781143742043394,99.3647228406211,99.99822468102583,91.62072846992523,1.6770651530457736,98.36917989912354,99.96769015813791,84.44754164698229,1.3956534228527877,93.4991133737476,99.71453174062755,73.4099994651284
2060.0,2.18475501905,99.85645752385247,100.00000000000011,96.54058151262204,2.22769384166853,99.8763674319227,100.00000000000011,96.98240630622853,2.796502407558479,99.99997907573223,100.00000000000011,97.26958056476856,1.7180802914178703,98.60178097600432,99.99235749504832,84.81620851607758,1.480702370704106,95.9563291790297,99.85447830901205,77.44366667384307,2.0019110000631146,99.62435304148184,100.0000000000001,94.87489341848882,1.9354560708684576,99.46040056593337,99.99991821347649,93.17291335157132,1.6764423809623474,98.35610386613162,99.97804471148228,84.44417879268227,1.34622008966004,90.67509528071332,99.6432062717146,70.96148172336892
2065.0,2.297914304775,99.90609110818812,100.00000000000011,97.11111094004224,2.3199095648460446,99.91303900957038,100.00000000000011,97.26956814700047,2.932711341722892,100.0000000000001,100.00000000000013,97.5863750839502,1.6868593060586399,98.38376286529495,99.98936579437073,84.44090844560803,1.4375193564344437,95.04611298693888,99.82523635556348,75.20776235903367,2.026164515815829,99.68612799251426,100.00000000000011,95.22213131117167,1.9661385372483955,99.54695002459175,99.99999230443073,93.78314621179027,1.6583639032489934,98.17767507389216,99.97619329699083,84.26933316926102,1.2820318604260428,86.86547554754978,99.48125988979625,67.22577569645357
2070.0,2.4062303722499996,99.95899992879896,100.00000000000011,97.26958016244005,2.4367911736219057,99.96436884299484,100.00000000000011,97.26958056476856,3.0918551823044775,100.00000000000011,100.00000000000013,99.70808833005225,1.6806698566510605,98.3218082086834,99.99069762933163,84.41854114013378,1.4265024093483292,94.65261865522658,99.82006440083401,74.19039451952165,2.0750714231211562,99.7812142238256,100.00000000000011,95.73127164741982,2.0249545513941296,99.68310122853651,100.00000000000011,94.9299383620931,1.6658366803688336,98.20421063070953,99.98602557545753,84.1882415733699,1.2507561587561153,85.21958576284706,99.41297461618353,65.46933779605395
2075.0,2.50390297675,99.98995028074228,100.00000000000011,97.26958056476856,2.523061135460585,99.99063977202823,100.00000000000011,97.26958056476856,3.2177073547780726,100.00000000000011,100.00000000000013,99.84328767705729,1.6518888156920473,98.07275287442283,99.98656008220601,83.33508735239165,1.3862878817325213,93.04923654038821,99.76504569973613,72.4816621410373,2.1019704836946884,99.80930590896696,100.00000000000011,95.86605996825828,2.0507352210396137,99.74300867306286,100.00000000000011,95.18905859760888,1.6421360885290848,98.0257664804364,99.98167012838614,83.2836325464578,1.1918330828354593,83.00205617108503,99.2401559305775,63.85294414400399
2080.0,2.5964866405,99.99591091061251,100.00000000000011,97.26958056476856,2.6192364006415767,99.99639675934209,100.00000000000011,97.26958056476857,3.3581856652956033,100.00000000000011,100.00000000000013,99.8624465492948,1.6379239415877513,97.9603253623555,99.98531109127359,82.83477377335757,1.366863921385914,92.04254178493767,99.7442347847552,71.48280096531406,2.1423326545292216,99.83583805918153,100.00000000000011,96.11423178639825,2.0928288693355244,99.79805036861765,100.00000000000011,95.62558659104477,1.6399610962161808,98.00016449012193,99.98405453820925,83.01751412698205,1.157501156615991,81.47640410527302,99.00588076138753,63.10332094335256
2085.0,2.6907259095000002,99.99853711900002,100.00000000000011,97.28812766292585,2.7026328600014233,99.99872400367832,100.00000000000011,97.26958056476857,3.4730097751866995,100.00000000000011,100.00000000000013,99.86245890945617,1.6240706744711169,97.81342415507771,99.98389805338353,81.98329305966782,1.3437810671035717,90.70893686303896,99.70987316729827,70.2386699052332,2.177540154054424,99.85033941919869,100.00000000000011,96.35574216062628,2.124695490520802,99.82605301971103,100.00000000000011,95.79641744259219,1.634595082069132,97.93260198086871,99.98633101722021,82.58451660692856,1.123414956727936,80.01984669459083,98.69637630159984,62.49892765533074
2090.0,2.7742351445,99.9999657580728,100.00000000000011,97.29063491115089,2.776749323866798,99.99995366990555,100.00000000000011,97.2767478929434,3.5731457572790553,100.00000000000011,100.00000000000013,99.86301879817536,1.6086687771706643,97.66810238313025,99.9832850731538,80.96383580742093,1.3188930933103602,89.20521400158032,99.68978530664376,68.56251738954136,2.2110118561011314,99.86454997916285,100.00000000000011,96.50915218615016,2.149236792873724,99.83816871400005,100.00000000000011,95.9634111062006,1.628088167448911,97.87203878084196,99.9863728752559,82.13336764620773,1.0925564339890004,78.25237178832275,98.43884480945162,61.62516155821839
2095.0,2.854825323375,99.99996967085576,100.00000000000011,97.4387416027919,2.8537900939330285,99.99996623747698,100.00000000000011,97.48123803581949,3.699786055772332,100.00000000000011,100.00000000000013,99.86564283658564,1.6032522525831332,97.6352925554171,99.98550519271922,80.55346566811173,1.303233024810668,88.3345309892419,99.67440264025733,67.81314710366283,2.2549133042152585,99.88241506341569,100.00000000000011,96.75299278975348,2.1819980956060956,99.8525896591818,100.00000000000011,96.23626223249376,1.6318122580316679,97.87436242682328,99.99043399969052,81.98475041684674,1.0730641289956377,77.2161519046353,98.2883509016936,61.00214808228486
2100.0,2.9323328584999997,99.99998336386957,100.00000000000011,97.58829667127834,2.89838589110658,99.99997601699808,100.00000000000011,97.62313925320528,3.7962041424355863,100.00000000000011,100.00000000000013,99.87402405440542,1.5797801347218494,97.38352400620327,99.98118011423023,79.44412418944623,1.2692485599587093,86.6307057348613,99.59316064657531,66.14811236015677,2.277997638042039,99.8905949186342,100.00000000000011,96.84154149389995,2.20134347033684,99.86176272360959,100.00000000000011,96.30980731396849,1.6179322879450042,97.75291075299435,99.98957338578285,81.137647020718,1.0407302628693444,75.77317235350664,97.81434497484287,60.2139952246022
